{"nodes":[0.0,0.0,0.0,0.0,0.0,0.0,0.0,0.0,0.0,0.0,0.0,0.0,0.0,0.0,0.0,0.0,0.0,0.0,0.0,0.0,0.0,0.0,0.0,0.0,0.0,0.0,0.0,0.0,0.0,0.0,0.0,0.0,0.0,0.0,0.0,0.0,0.0,0.0,0.0,0.0,0.0,0.0,0.0,0.0,0.0,0.0,0.0,0.0,0.0,0.0,0.0,0.0,0.0,0.0,0.0,0.0,0.0,0.0,0.0,0.0,0.0,0.0,0.0,0.0,0.0,0.0,0.0,0.0,0.0,0.0,0.0,0.0,0.0,0.0,0.0],"bias_node":12,"input_nodes":[0,1,5,6,7,8,10,14,15,16,18,19,20,23,24,26,27,28,29,30,32,36,40,43,44,47,50,53,57,58,62,63,65,66,67,69],"output_nodes":[74],"connections":[[44,9,-0.58685607],[44,61,0.5409026],[47,42,0.2251711],[36,38,0.7136161],[7,34,0.49170467],[53,64,0.19929062],[69,9,-1.9127334],[62,71,-1.4610183],[20,46,-1.537743],[47,49,-0.32759735],[47,37,0.38460124],[16,45,0.32057986],[47,21,-0.22700515],[26,3,0.8316431],[36,22,1.2933961],[28,49,0.8625708],[36,52,0.5696953],[63,64,-2.102387],[47,60,0.49424747],[29,64,-1.7033634],[32,68,0.37383634],[5,17,1.6189431],[29,3,0.110239],[40,4,0.22368765],[47,17,1.5684209],[24,9,-1.9698544],[16,51,1.6112168],[29,48,-0.716432],[30,9,-0.67953044],[6,33,-0.4616909],[24,33,1.0048851],[43,73,0.1886416],[40,46,-0.7522769],[43,31,-1.7810785],[7,73,-1.8791049],[19,46,-1.012096],[19,35,-0.077662945],[44,56,-0.7956939],[15,37,-1.0094719],[58,34,-0.078247234],[64,45,-0.95573854],[72,13,-0.12889454],[45,35,0.11323704],[4,39,-0.85874534],[73,39,-1.1850293],[17,45,-1.1982999],[48,9,1.4721246],[34,33,-1.8740819],[33,21,2.1729848],[22,52,-1.281146],[56,33,1.7461545],[42,72,0.49825287],[74,52,0.83874464],[48,60,-0.51166],[3,38,-0.47950768],[3,55,1.145841],[2,35,-0.37682614],[39,3,-0.03997124],[12,72,0.797101],[61,59,-1.3508072],[71,70,1.1034298],[13,37,-0.37385893],[39,2,-1.7621868],[21,42,-1.0238668],[48,64,-0.8833629],[21,56,1.6416606],[17,9,0.17525731],[52,38,-1.7255416],[59,9,-1.3767539],[73,4,0.25737682],[11,34,-1.6667546],[52,9,0.9229062],[68,25,-1.0705632],[25,9,-0.91661924],[74,71,-1.5101347],[48,41,1.5537331],[41,49,-1.7559559],[70,68,-3.081852],[6,74,1.7121748],[64,74,0.84978485],[0,74,-1.1704618],[55,74,1.8554132],[7,74,-0.8000703],[35,74,1.2804676],[10,74,0.5619733],[20,74,-0.8121273],[47,74,-1.3679578],[53,74,0.09128304],[62,74,-1.3664807],[49,74,0.829679],[51,74,-1.6847477],[69,74,-0.119466536],[27,74,1.712635],[33,74,-0.5763662],[58,74,0.5953542],[15,74,-0.1657499],[63,74,0.7861461],[14,74,1.3652223],[31,74,1.0276232],[32,74,0.4244346],[12,74,-1.790671],[66,74,0.7675829],[67,74,1.681799],[1,74,0.6343199],[70,74,0.7385355],[29,74,-0.033868104],[23,74,-1.2082037],[5,74,-1.3296003],[44,74,0.28874364],[38,74,2.1048305],[30,74,-0.0057919957],[28,74,1.4876065],[54,74,0.44924468],[40,74,1.902657],[26,74,0.57432085],[52,74,-1.8856801],[16,74,-1.5467103],[19,74,-0.878339],[50,74,0.35358703],[36,74,-1.6832273],[46,74,1.4540834],[65,74,-1.0688921],[8,74,1.2659653],[17,74,-0.9915524]]}